{"\u0394TSV-1\uff08\u6e29\u5ea6\uff09": {"\u52a0\u70ed\u5f62\u5f0f": -0.30593594995663376, "\u4e0a\u80cc\u6e29\u5ea6": 0.5831361558179724, "\u8170\u90e8\u6e29\u5ea6": 0.5320487749970536, "\u81c0\u90e8\u6e29\u5ea6": 0.5896412604066001, "\u5927\u817f\u6e29\u5ea6": 0.6177699582835845, "\u6027\u522b": 0.15396078402023625, "\u5e74\u9f84": 0.13890224770954251, "\u8eab\u4f53\u75c7\u72b6": 0.022652586960152238, "\u52a0\u70ed\u5f00\u59cbPET": -0.13806889336883996}, "\u0394TSV-2": {"\u6027\u522b": 0.15396078402023625, "BMI": -0.057464313867025434, "\u8eab\u4f53\u75c7\u72b6": 0.022652586960152238, "\u4ee3\u8c22\u7387": 0.09925270329281395, "\u5de5\u4f5c\u5e73\u5747PET": -0.1240608951308071, "\u4e0a\u81c2\u6e29\u5ea6": -0.12185006764626309, "\u603b\u70ed\u963b": 0.02511194689361176}, "\u4e0a\u80cc\u6e29\u5ea6-3": {"\u52a0\u70ed\u5f62\u5f0f": -0.20116302361965824, "\u8170\u90e8\u6e29\u5ea6": 0.5442759587067015, "\u6027\u522b": 0.19156611142972627, "\u5e74\u9f84": 0.021100776953463657, "BMI": -0.05775470226838222, "\u4e0a\u8863\u70ed\u963b": 0.04076134849101138, "\u52a0\u70ed\u5f00\u59cbPET": -0.06481482262267818, "\u4ee3\u8c22\u7387": 0.11459890370837703}, "\u81c0\u90e8\u6e29\u5ea6-4": {"\u52a0\u70ed\u5f62\u5f0f": -0.2969333698361396, "\u8170\u90e8\u6e29\u5ea6": 0.5794409480091517, "\u6027\u522b": 0.23170560105530597, "\u5e74\u9f84": -0.06151486299181458, "BMI": -0.07652114174609449, "\u4e0a\u8863\u70ed\u963b": -0.05324527046222315, "\u52a0\u70ed\u5f00\u59cbPET": -0.23548722701966693, "\u4ee3\u8c22\u7387": 0.11371528374317943, "\u88e4\u88c5\u70ed\u963b": 0.10884139391540128}, "\u5927\u817f\u6e29\u5ea6-5": {"\u8170\u90e8\u6e29\u5ea6": 0.46372599429605266, "\u5e74\u9f84": 0.08261187021218057, "BMI": -0.07060138223516481, "\u4e0a\u8863\u70ed\u963b": 0.04026047800814963, "\u52a0\u70ed\u5f00\u59cbPET": -0.21201526451672645, "\u4ee3\u8c22\u7387": -0.0754737695666232, "\u88e4\u88c5\u70ed\u963b": 0.1661882895240212}}